Workbook

Sheet Ringkasan
A1: Ringkasan test case: Restful-Booker API
A2: Angka di bawah dihitung dengan rumus dari sheet 'Test Case', jadi ikut berubah saat status atau kolom lain diubah.
A4: Ringkasan | B4: Jumlah | D4: Status | E4: Jumlah
A5: Total test case | B5: =COUNTA('Test Case'!$A$2:$A$200) -> 29 | D5: Lulus | E5: =COUNTIF('Test Case'!$G$2:$G$200,D5) -> 16
A6: Lulus | B6: =COUNTIF('Test Case'!$G$2:$G$200,"Lulus*") -> 18 | D6: Lulus (perilaku terdokumentasi) | E6: =COUNTIF('Test Case'!$G$2:$G$200,D6) -> 2
A7: Gagal | B7: =COUNTIF('Test Case'!$G$2:$G$200,"Gagal*") -> 9 | D7: Gagal | E7: =COUNTIF('Test Case'!$G$2:$G$200,D7) -> 5
A8: Observasi / belum dijalankan | B8: =B5-B6-B7 -> 2 | D8: Gagal (sudah diketahui) | E8: =COUNTIF('Test Case'!$G$2:$G$200,D8) -> 4
A9: Persentase lulus | B9: =IF(B5=0,0,B6/B5) -> 0.62068966 | D9: Observasi | E9: =COUNTIF('Test Case'!$G$2:$G$200,D9) -> 1
A10: Sudah diotomasi (Postman) | B10: =COUNTIF('Test Case'!$H$2:$H$200,"Postman*") -> 26 | D10: Belum dijalankan | E10: =COUNTIF('Test Case'!$G$2:$G$200,D10) -> 1
A11: Masih manual | B11: =COUNTIF('Test Case'!$H$2:$H$200,"Manual") -> 3 | D11: Total | E11: =SUM(E5:E10) -> 29
A13: Jenis | B13: Jumlah
A14: Positif | B14: =COUNTIF('Test Case'!$E$2:$E$200,A14) -> 11
A15: Negatif | B15: =COUNTIF('Test Case'!$E$2:$E$200,A15) -> 9
A16: Batas | B16: =COUNTIF('Test Case'!$E$2:$E$200,A16) -> 4
A17: Keamanan | B17: =COUNTIF('Test Case'!$E$2:$E$200,A17) -> 5
A19: Prioritas | B19: Jumlah
A20: P1 | B20: =COUNTIF('Test Case'!$F$2:$F$200,A20) -> 19
A21: P2 | B21: =COUNTIF('Test Case'!$F$2:$F$200,A21) -> 6
A22: P3 | B22: =COUNTIF('Test Case'!$F$2:$F$200,A22) -> 4
A25: Sumber: 1-test-scenario/test-cases.csv, test-scenarios.md, dan bug-reports/ di repository. File ini dibuat ulang dengan: npm run sheet

Sheet Test Case
A1: ID | B1: Skenario | C1: Modul | D1: Judul | E1: Jenis | F1: Prioritas | G1: Status | H1: Otomasi | I1: Folder Postman | J1: Prasyarat | K1: Langkah | L1: Hasil yang Diharapkan | M1: Hasil Aktual | N1: Bug
A2: TC-AUTH-01 | B2: TS-AUTH-01 | C2: Auth | D2: Login dengan kredensial valid | E2: Positif | F2: P1 | G2: Lulus | H2: Postman | I2: 1. Auth | J2: API aktif | K2: POST /auth dengan {username:admin,password:password123} | L2: 200 dan token tidak kosong | M2: 200 dan token dikembalikan
A3: TC-AUTH-02 | B3: TS-AUTH-02 | C3: Auth | D3: Login dengan password salah | E3: Negatif | F3: P1 | G3: Gagal (sudah diketahui) | H3: Postman | I3: 1. Auth 7. Known defects / 7.1 Auth | J3: API aktif | K3: POST /auth dengan password yang salah | L3: 401 dan tidak ada token | M3: 200 dengan {reason:Bad credentials} dan tidak ada token (lihat BUG-006) | N3: BUG-006
A4: TC-AUTH-03 | B4: TS-AUTH-03 | C4: Auth | D4: Login dengan body kosong | E4: Negatif | F4: P2 | G4: Gagal (sudah diketahui) | H4: Postman | I4: 1. Auth | J4: API aktif | K4: POST /auth dengan {} | L4: 4xx dan tidak ada token | M4: 200 dengan {reason:Bad credentials} dan tidak ada token (lihat BUG-006) | N4: BUG-006
A5: TC-CRT-01 | B5: TS-CRT-01 | C5: Booking | D5: Membuat booking dengan data valid | E5: Positif | F5: P1 | G5: Lulus | H5: Postman | I5: 2. Booking - Create | J5: Header Accept diset | K5: POST /booking dengan body valid yang lengkap | L5: 200 dan bookingid; respons mengembalikan data yang dikirim | M5: 200; bookingid dikembalikan dan data sesuai
A6: TC-CRT-02 | B6: TS-CRT-07 | C6: Booking | D6: Membuat booking tanpa header Accept | E6: Negatif | F6: P3 | G6: Lulus (perilaku terdokumentasi) | H6: Postman | I6: 2. Booking - Create | J6: Tidak ada | K6: POST /booking tanpa Accept: application/json | L6: Permintaan tetap diproses atau 4xx yang jelas | M6: 418 I'm a teapot
A7: TC-CRT-03 | B7: TS-CRT-03 | C7: Booking | D7: Membuat booking dengan field wajib hilang | E7: Negatif | F7: P1 | G7: Gagal (sudah diketahui) | H7: Postman | I7: 2. Booking - Create | J7: Header Accept diset | K7: POST /booking dengan {firstname:OnlyName} | L7: 400 Bad Request | M7: 500 Internal Server Error (lihat BUG-005) | N7: BUG-005
A8: TC-CRT-04 | B8: TS-CRT-02 | C8: Booking | D8: Membuat booking tanpa additionalneeds (opsional) | E8: Positif | F8: P2 | G8: Lulus | H8: Postman | I8: 2. Booking - Create | J8: Header Accept diset | K8: POST /booking tanpa additionalneeds | L8: 200 dan bookingid | M8: 200 dan bookingid
A9: TC-CRT-05 | B9: TS-CRT-04 | C9: Booking | D9: Membuat booking dengan totalprice negatif | E9: Batas | F9: P1 | G9: Gagal | H9: Postman (folder defect) | I9: 7. Known defects / 7.2 Booking - Create | J9: Header Accept diset | K9: POST /booking dengan totalprice -100 | L9: Ditolak dengan 4xx | M9: 200; booking tersimpan dengan -100 (lihat BUG-001) | N9: BUG-001
A10: TC-CRT-06 | B10: TS-CRT-04 | C10: Booking | D10: Membuat booking dengan checkout sebelum checkin | E10: Batas | F10: P1 | G10: Gagal | H10: Postman (folder defect) | I10: 7. Known defects / 7.2 Booking - Create | J10: Header Accept diset | K10: POST /booking dengan checkin 2026-11-10 dan checkout 2026-11-01 | L10: Ditolak dengan 4xx | M10: 200; booking tersimpan (lihat BUG-002) | N10: BUG-002
A11: TC-CRT-07 | B11: TS-CRT-06 | C11: Booking | D11: Membuat booking dengan firstname kosong | E11: Batas | F11: P2 | G11: Gagal | H11: Postman (folder defect) | I11: 7. Known defects / 7.2 Booking - Create | J11: Header Accept diset | K11: POST /booking dengan firstname kosong | L11: Ditolak dengan 4xx | M11: 200; booking tersimpan dengan nama kosong (lihat BUG-003) | N11: BUG-003
A12: TC-CRT-08 | B12: TS-CRT-05 | C12: Booking | D12: Membuat booking dengan totalprice bukan angka | E12: Negatif | F12: P1 | G12: Gagal | H12: Postman (folder defect) | I12: 7. Known defects / 7.2 Booking - Create | J12: Header Accept diset | K12: POST /booking dengan totalprice abc | L12: Ditolak dengan 4xx | M12: 200; totalprice tersimpan sebagai null (lihat BUG-004) | N12: BUG-004
A13: TC-CRT-09 | B13: TS-CRT-05 | C13: Booking | D13: Membuat booking dengan format tanggal salah | E13: Negatif | F13: P1 | G13: Gagal | H13: Postman (folder defect) | I13: 7. Known defects / 7.2 Booking - Create | J13: Header Accept diset | K13: POST /booking dengan checkin not-a-date | L13: Ditolak dengan 4xx | M13: 200; checkin tersimpan sebagai 0NaN-aN-aN (lihat BUG-004) | N13: BUG-004
A14: TC-CRT-10 | B14: TS-CRT-06 | C14: Booking | D14: Membuat booking dengan HTML/script di firstname | E14: Keamanan | F14: P2 | G14: Observasi | H14: Manual | I14: - | J14: Header Accept diset | K14: POST /booking dengan firstname <script>alert(1)</script> | L14: Input disanitasi atau ditolak | M14: 200; nilai tersimpan dan dikembalikan apa adanya (hanya API; berisiko jika ditampilkan oleh UI)
A15: TC-CRT-11 | B15: TS-CRT-06 | C15: Booking | D15: Membuat booking dengan lastname 10.000 karakter | E15: Batas | F15: P3 | G15: Belum dijalankan | H15: Manual | I15: - | J15: Header Accept diset | K15: POST /booking dengan lastname yang sangat panjang | L15: Ditolak atau dipotong dengan pesan yang jelas | M15: Belum dieksekusi
A16: TC-GET-01 | B16: TS-GET-01 | C16: Booking | D16: Mengambil booking berdasarkan id | E16: Positif | F16: P1 | G16: Lulus | H16: Postman | I16: 3. Booking - Read | J16: Booking sudah ada | K16: GET /booking/{id} | L16: 200 dan body sesuai schema | M16: 200; schema valid
A17: TC-GET-02 | B17: TS-GET-02 | C17: Booking | D17: Mengambil booking yang tidak ada | E17: Negatif | F17: P1 | G17: Lulus | H17: Postman | I17: 3. Booking - Read | J17: Tidak ada | K17: GET /booking/999999999 | L17: 404 | M17: 404
A18: TC-GET-03 | B18: TS-GET-02 | C18: Booking | D18: Mengambil booking dengan id bukan angka | E18: Negatif | F18: P3 | G18: Lulus | H18: Postman | I18: 3. Booking - Read | J18: Tidak ada | K18: GET /booking/abc | L18: 400 atau 404 | M18: 404
A19: TC-GET-04 | B19: TS-GET-03 | C19: Booking | D19: Menampilkan daftar semua booking | E19: Positif | F19: P1 | G19: Lulus | H19: Postman | I19: 3. Booking - Read | J19: Tidak ada | K19: GET /booking | L19: 200 dan array berisi {bookingid} | M19: 200; array dikembalikan
A20: TC-GET-05 | B20: TS-GET-04 | C20: Booking | D20: Memfilter booking berdasarkan firstname | E20: Positif | F20: P2 | G20: Lulus | H20: Postman | I20: 3. Booking - Read | J20: Ada booking dengan firstname Laila | K20: GET /booking?firstname=Laila | L20: 200 dan hasil memuat booking tersebut | M20: 200; booking ikut tampil
A21: TC-GET-06 | B21: TS-GET-04 | C21: Booking | D21: Memfilter booking berdasarkan tanggal checkin | E21: Positif | F21: P3 | G21: Lulus | H21: Manual | I21: - | J21: Tidak ada | K21: GET /booking?checkin=2026-11-01 | L21: 200 dan booking dengan checkin pada atau setelah tanggal itu | M21: 200; array dikembalikan
A22: TC-UPD-01 | B22: TS-UPD-01 | C22: Booking | D22: Update penuh (PUT) dengan token valid | E22: Positif | F22: P1 | G22: Lulus | H22: Postman | I22: 4. Booking - Update | J22: Token dan booking valid | K22: PUT /booking/{id} dengan Cookie token dan body lengkap | L22: 200 dan semua field diganti | M22: 200; field diganti
A23: TC-UPD-02 | B23: TS-UPD-03 | C23: Booking | D23: PUT tanpa token | E23: Keamanan | F23: P1 | G23: Lulus | H23: Postman | I23: 4. Booking - Update | J23: Booking sudah ada | K23: PUT /booking/{id} tanpa Cookie | L23: 403 | M23: 403
A24: TC-UPD-03 | B24: TS-UPD-03 | C24: Booking | D24: PUT dengan token tidak valid | E24: Keamanan | F24: P1 | G24: Lulus | H24: Postman | I24: 4. Booking - Update | J24: Booking sudah ada | K24: PUT /booking/{id} dengan Cookie token=invalid-token | L24: 403 | M24: 403
A25: TC-UPD-04 | B25: TS-UPD-02 | C25: Booking | D25: Update sebagian (PATCH) | E25: Positif | F25: P1 | G25: Lulus | H25: Postman | I25: 4. Booking - Update | J25: Token dan booking valid | K25: PATCH /booking/{id} dengan {firstname:Patched} | L25: 200; hanya firstname yang berubah | M25: 200; hanya firstname yang berubah
... A27: TC-DEL-01 | B27: TS-DEL-02 | C27: Booking | D27: Hapus tanpa token | E27: Keamanan | F27: P1 | G27: Lulus | H27: Postman | I27: 5. Booking - Delete | J27: Booking sudah ada | K27: DELETE /booking/{id} tanpa Cookie | L27: 403 dan booking tetap ada | M27: 403
A28: TC-DEL-02 | B28: TS-DEL-01 | C28: Booking | D28: Hapus dengan token valid | E28: Positif | F28: P1 | G28: Lulus (perilaku terdokumentasi) | H28: Postman | I28: 5. Booking - Delete | J28: Token dan booking valid | K28: DELETE /booking/{id} dengan Cookie | L28: 200 atau 204 | M28: 201 Created (lihat BUG-007) | N28: BUG-007
A29: TC-DEL-03 | B29: TS-DEL-01 | C29: Booking | D29: Booking yang sudah dihapus tidak bisa diambil | E29: Positif | F29: P1 | G29: Lulus | H29: Postman | I29: 5. Booking - Delete | J29: Booking sudah dihapus | K29: GET /booking/{id} | L29: 404 | M29: 404
A30: TC-DEL-04 | B30: TS-DEL-03 | C30: Booking | D30: Menghapus booking yang sama dua kali | E30: Negatif | F30: P2 | G30: Gagal (sudah diketahui) | H30: Postman | I30: 5. Booking - Delete | J30: Booking sudah dihapus sebelumnya | K30: DELETE /booking/{id} lagi | L30: 404 | M30: 405 Method Not Allowed (lihat BUG-007) | N30: BUG-007

Sheet Skenario
A1: ID | B1: Area | C1: Skenario | D1: Jenis / Alat
A2: TS-AUTH-01 | B2: TS-AUTH - Autentikasi (POST /auth) | C2: Pengguna dengan kredensial valid menerima token | D2: Positif
A3: TS-AUTH-02 | B3: TS-AUTH - Autentikasi (POST /auth) | C3: Pengguna dengan kredensial salah tidak menerima token | D3: Negatif
A4: TS-AUTH-03 | B4: TS-AUTH - Autentikasi (POST /auth) | C4: Permintaan tanpa kredensial tidak menerima token | D4: Negatif
A5: TS-CRT-01 | B5: TS-CRT - Membuat booking (POST /booking) | C5: Booking dengan semua field valid berhasil dibuat dan id dikembalikan | D5: Positif
A6: TS-CRT-02 | B6: TS-CRT - Membuat booking (POST /booking) | C6: Booking tanpa field opsional berhasil dibuat | D6: Positif
A7: TS-CRT-03 | B7: TS-CRT - Membuat booking (POST /booking) | C7: Permintaan dengan field wajib yang hilang ditolak dengan error dari sisi client | D7: Negatif
A8: TS-CRT-04 | B8: TS-CRT - Membuat booking (POST /booking) | C8: Nilai field di luar rentang valid (harga negatif, checkout sebelum checkin) ditolak | D8: Batas / negatif
A9: TS-CRT-05 | B9: TS-CRT - Membuat booking (POST /booking) | C9: Tipe data yang salah dan format tanggal yang rusak ditolak | D9: Negatif
A10: TS-CRT-06 | B10: TS-CRT - Membuat booking (POST /booking) | C10: Teks kosong / sangat panjang / berisi karakter khusus ditangani dengan aman | D10: Batas / keamanan
A11: TS-CRT-07 | B11: TS-CRT - Membuat booking (POST /booking) | C11: Permintaan ditolak ketika header Accept tidak ada | D11: Negatif
A12: TS-GET-01 | B12: TS-GET - Membaca booking (GET /booking, GET /booking/{id}) | C12: Booking yang ada bisa diambil berdasarkan id dan sesuai schema | D12: Positif
... A21: TS-DEL-03 | B21: TS-DEL - Menghapus booking (DELETE /booking/{id}) | C21: Menghapus booking yang sudah tidak ada ditangani dengan wajar | D21: Negatif
A22: TS-E2E-01 | B22: TS-E2E - Alur end-to-end | C22: Login -> buat booking -> baca -> ubah -> ubah sebagian -> hapus -> pastikan sudah hilang (folder Postman 1-5 dijalankan berurutan)
A23: TS-NFR-01 | B23: TS-NFR - Non-fungsional | C23: Endpoint utama merespons dalam waktu kurang dari 2 detik untuk satu pengguna | D23: Assertion Postman
A24: TS-NFR-02 | B24: TS-NFR - Non-fungsional | C24: Dengan 10 pengguna bersamaan, latensi p95 dan tingkat error tetap dalam threshold | D24: Load test k6
A25: TS-NFR-03 | B25: TS-NFR - Non-fungsional | C25: Perilaku saat beban dinaikkan melewati tingkat normal (mencari titik jenuh) | D25: Stress test k6

Sheet Laporan Bug
A1: ID Bug | B1: Judul | C1: Severity | D1: Prioritas | E1: Status | F1: Test case terkait | G1: Hasil yang diharapkan | H1: Hasil aktual | I1: Laporan
A2: BUG-001 | B2: Booking menerima totalprice negatif | C2: Major | D2: P1 | E2: Terbuka | F2: TC-CRT-05 | G2: 400 Bad Request dengan pesan bahwa totalprice harus nol atau lebih besar. | H2: 200 OK; booking tersimpan dengan "totalprice": -100. | I2: Lihat laporan
A3: BUG-002 | B3: Booking menerima tanggal checkout lebih awal dari checkin | C3: Major | D3: P1 | E3: Terbuka | F3: TC-CRT-06 | G3: 400 Bad Request: checkout harus setelah checkin. | H3: 200 OK; booking tersimpan dengan checkout sembilan hari sebelum checkin. | I3: Lihat laporan
A4: BUG-003 | B4: Booking menerima firstname kosong | C4: Minor | D4: P2 | E4: Terbuka | F4: TC-CRT-07 | H4: POST /booking dengan "firstname": "" -> 200 OK, booking tersimpan dengan nama kosong.
A5: BUG-004 | B5: Harga bukan angka dan format tanggal salah diam-diam rusak (null, 0NaN-aN-aN) | C5: Major | D5: P1 | E5: Terbuka | F5: TC-CRT-08, TC-CRT-09 | G5: 400 Bad Request yang menjelaskan field yang tidak valid. | H5: Keduanya mengembalikan 200 OK dan datanya rusak tanpa pemberitahuan: | I5: Lihat laporan
A6: BUG-005 | B6: Field wajib yang hilang menyebabkan 500 Internal Server Error, bukan 400 | C6: Major | D6: P1 | E6: Terbuka | F6: TC-CRT-03 | G6: 400 Bad Request yang menyebutkan field wajib yang hilang (lastname, totalprice, depositpaid, bookingdates). | H6: 500 Internal Server Error dengan body yang generik. | I6: Lihat laporan
A7: BUG-006 | B7: Login gagal mengembalikan 200 OK, bukan 401 | C7: Minor | D7: P2 | E7: Terbuka | F7: TC-AUTH-02, TC-AUTH-03 | G7: 401 Unauthorized. | H7: 200 OK dengan body {"reason":"Bad credentials"} (tanpa token). Body kosong {} menghasilkan perilaku yang sama. | I7: Lihat laporan
A8: BUG-007 | B8: Status code hapus tidak konsisten: berhasil mengembalikan 201, hapus ulang mengembalikan 405 (seharusnya 204/200 dan 404) | C8: Minor | D8: P3 | E8: Terbuka | F8: TC-DEL-02, TC-DEL-04 | H8: DELETE /booking/{id} dengan token valid -> 201 Created; permintaan yang sama diulang -> 405 Method Not Allowed.
